mmsi,updatetime,经度,纬度,航向,速度,艏向,转向率,数据类型,航行状态,异常信息,静态信息更新时间,汇报ETA时间,汇报目的港,吃水,船名,呼号,imo号,船长,船宽
235055656,2022-06-23 16:22:00,109.4809667,18.22001667,61.5,0.6,101,720.0,捕捞,,,2022/6/23 15:41,__,,0.0,G FORCE,MSMP3,0.0,20.0,5.0
235055656,2022-06-23 14:24:00,109.5046767,18.23188167,59.0,0.0,511,800.0,捕捞,,,2022/6/22 12:08,__,,0.0,G FORCE,MSMP3,0.0,20.0,5.0
235055656,2022-06-23 15:34:00,109.481,18.22008333,46.0,0.9,131,720.0,捕捞,,,2022/6/23 18:11,__,,0.0,G FORCE,MSMP3,0.0,20.0,5.0
235055656,2022-06-23 16:21:00,109.4809333,18.22003333,232.0,0.6,165,-0.044640288,捕捞,,,2022/6/23 18:11,__,,0.0,G FORCE,MSMP3,0.0,20.0,5.0
235055656,2022-06-23 17:38:00,109.4924333,18.23523333,84.5,7.6,96,0.0,捕捞,,,2022/6/23 18:11,__,,0.0,G FORCE,MSMP3,0.0,20.0,5.0
412000000,2022-06-23 08:24:00,109.5056033,18.23276833,0.0,0.0,511,0.0,捕捞,,,2022/6/23 23:57,__,QA,0.0,,0,0.0,20.0,5.0
412000000,2022-06-23 11:19:00,109.5055933,18.23278667,0.0,0.0,511,0.0,捕捞,,,2022/6/24 10:24,__,,0.0,BZ28 1SPM,0,0.0,20.0,5.0
412000000,2022-06-23 18:47:00,109.4975833,18.23591667,112.2,7.6,112,0.0,捕捞,,,2022/6/23 18:47,__,0,3.3,0,0,0.0,20.0,5.0
412000000,2022-06-23 10:21:00,109.4814367,18.22360833,0.0,0.1,511,0.0,捕捞,,,2022/6/24 09:36,2022/1/1 01:01,1,0.0,,0,0.0,20.0,5.0
412000000,2022-06-23 10:00:00,109.481345,18.22356667,48.1,1.0,511,0.0,捕捞,,,2022/6/23 15:50,__,,0.0,,0,0.0,20.0,5.0
412371880,2022-06-23 20:56:00,109.4783683,18.24416333,0.0,0.0,511,0.0,其他,,,,,,,,,,37.0,6.0
412371880,2022-06-23 03:41:00,109.4787167,18.24423,0.0,5.6,511,0.0,其他,,,,,,,,,,37.0,6.0
412371880,2022-06-23 23:30:00,109.4786383,18.244205,0.0,3.7,511,0.0,其他,,,,,,,,,,37.0,6.0
412371880,2022-06-23 14:53:00,109.4784333,18.24422,0.0,0.0,511,0.0,其他,,,,,,,,,,37.0,6.0
412371880,2022-06-23 03:09:00,109.4787267,18.244255,0.0,0.1,511,0.0,其他,,,,,,,,,,37.0,6.0
412520420,2022-06-23 15:47:00,109.506225,18.23260167,0.0,0.1,511,0.0,其他,,,,,,,,,,17.0,13.0
412520420,2022-06-23 16:10:00,109.5025117,18.23245833,292.9,5.4,511,0.0,其他,,,,,,,,,,17.0,13.0
412520420,2022-06-23 16:31:00,109.4980867,18.23453333,106.1,6.3,511,0.0,其他,,,,,,,,,,17.0,13.0
412520420,2022-06-23 16:34:00,109.5027917,18.23204,102.0,6.3,511,0.0,其他,,,,,,,,,,17.0,13.0
412520420,2022-06-23 15:53:00,109.50619,18.232625,0.0,0.0,511,0.0,其他,,,,,,,,,,17.0,13.0
412524040,2022-06-23 15:24:00,109.4854933,18.23306167,255.3,4.7,511,0.0,帆船航行,,,,,,,,,,15.0,5.0
412524040,2022-06-23 14:55:00,109.5065533,18.23397167,150.1,2.4,511,0.0,帆船航行,,,,,,,,,,15.0,5.0
412524040,2022-06-23 15:14:00,109.49974,18.23425167,289.9,5.4,511,0.0,帆船航行,,,,,,,,,,15.0,5.0
412524040,2022-06-23 15:12:00,109.5015467,18.23307833,321.0,4.7,511,0.0,帆船航行,,,,,,,,,,15.0,5.0
412524040,2022-06-23 15:27:00,109.4814933,18.230875,229.3,4.9,511,0.0,帆船航行,,,,,,,,,,15.0,5.0
412524350,2022-06-23 16:39:00,109.476095,18.22201333,164.4,3.2,511,0.0,娱乐船,,,2022/6/23 16:38,2022/12/25 13:41,SHANGHAI,12.0,XIULIANGYIHAO,0,126259465.0,33.0,7.0
412524350,2022-06-23 15:55:00,109.5054467,18.23039333,360.0,0.0,511,0.0,娱乐船,,,2022/6/22 19:43,2022/12/25 13:41,SHANGHAI,12.0,XIULIANGYIHAO,0,126259465.0,33.0,7.0
412524350,2022-06-23 16:19:00,109.5044717,18.23064667,316.0,4.3,511,0.0,娱乐船,,,2022/6/23 16:19,2022/12/25 13:41,SHANGHAI,12.0,XIULIANGYIHAO,0,126259465.0,33.0,7.0
412524350,2022-06-23 16:15:00,109.5054383,18.23040833,360.0,0.0,511,0.0,娱乐船,,,2022/6/23 18:52,2022/12/25 13:41,SHANGHAI,12.0,XIULIANGYIHAO,0,126259465.0,33.0,7.0
412524350,2022-06-23 17:25:00,109.475405,18.22084833,360.0,0.1,511,0.0,娱乐船,,,2022/6/23 18:52,2022/12/25 13:41,SHANGHAI,12.0,XIULIANGYIHAO,0,126259465.0,33.0,7.0
413054650,2022-06-23 20:31:00,109.4930833,18.23353333,323.1,0.1,72,0.0,搜救船,,,2022/6/23 23:56,2022/10/10 18:00,QINZHOU,2.0,NANHAIJIU203,BSGR,9694816.0,50.0,13.0
413054650,2022-06-23 08:48:00,109.4930667,18.23353333,209.2,0.1,72,0.0,搜救船,,,2022/6/23 08:38,2022/10/10 18:00,QINZHOU,2.0,NANHAIJIU203,BSGR,9694816.0,50.0,13.0
413054650,2022-06-23 07:58:00,109.4930667,18.23353333,158.1,0.0,72,0.0,搜救船,,,2022/6/23 23:56,2022/10/10 18:00,QINZHOU,2.0,NANHAIJIU203,BSGR,9694816.0,50.0,13.0
413054650,2022-06-23 13:33:00,109.4930833,18.23351667,206.7,0.1,72,0.0,搜救船,,,2022/6/23 23:56,2022/10/10 18:00,QINZHOU,2.0,NANHAIJIU203,BSGR,9694816.0,50.0,13.0
413054650,2022-06-23 22:33:00,109.4930833,18.23353333,360.0,102.3,72,0.0,搜救船,,,2022/6/23 22:18,2022/4/5 12:00,SAN YA,1.9,NAN HAI JIU 203,BSGR,9694816.0,50.0,13.0
413204690,2022-06-23 14:19:00,109.5046133,18.23165333,360.0,0.0,511,0.0,捕捞,,,,,,,,,,19.0,5.0
413204690,2022-06-23 17:42:00,109.504645,18.23163,360.0,0.0,511,0.0,捕捞,,,,,,,,,,19.0,5.0
413204690,2022-06-23 14:37:00,109.504615,18.23162,360.0,0.0,511,0.0,捕捞,,,,,,,,,,19.0,5.0
413204690,2022-06-23 15:30:00,109.49629,18.23532333,281.0,10.1,511,0.0,捕捞,,,,,,,,,,19.0,5.0
413204690,2022-06-23 15:44:00,109.4800517,18.22108167,43.6,0.2,511,0.0,捕捞,,,,,,,,,,19.0,5.0
413207690,2022-06-23 08:43:00,109.5051167,18.23209833,336.7,0.0,336,0.0,娱乐船,,,,,,,,,,17.0,4.0
413207690,2022-06-23 11:45:00,109.5038283,18.23234667,94.0,5.0,94,0.0,娱乐船,,,,,,,,,,17.0,4.0
413207690,2022-06-23 12:30:00,109.50514,18.23212167,9.0,0.0,9,0.0,娱乐船,,,,,,,,,,17.0,4.0
413207690,2022-06-23 16:55:00,109.5042133,18.23221167,101.9,5.1,101,0.0,娱乐船,,,,,,,,,,17.0,4.0
413207690,2022-06-23 10:14:00,109.47699,18.22195667,225.4,4.9,225,0.0,娱乐船,,,,,,,,,,17.0,4.0
413208050,2022-06-23 13:57:00,109.5069233,18.23433667,0.0,1.2,511,0.0,高速船,,,,,,,,,,14.0,4.0
413208050,2022-06-23 16:42:00,109.4814617,18.2208,0.0,0.2,511,0.0,高速船,,,,,,,,,,14.0,4.0
413208050,2022-06-23 09:48:00,109.501355,18.23333833,302.3,5.9,511,0.0,高速船,,,,,,,,,,14.0,4.0
413208050,2022-06-23 15:30:00,109.5069333,18.23431833,0.0,0.1,511,0.0,高速船,,,,,,,,,,14.0,4.0
413208050,2022-06-23 12:54:00,109.5069233,18.23428833,0.0,0.2,511,0.0,高速船,,,,,,,,,,14.0,4.0
413208270,2022-06-23 14:10:00,109.4802833,18.22265667,103.6,7.6,511,0.0,娱乐船,,,,,,,,,,15.0,4.0
413208270,2022-06-23 18:59:00,109.4816067,18.225155,46.7,0.4,511,0.0,娱乐船,,,,,,,,,,15.0,4.0
413208270,2022-06-23 11:55:00,109.5054917,18.23357333,257.2,0.0,511,0.0,娱乐船,,,,,,,,,,15.0,4.0
413208270,2022-06-23 17:07:00,109.4811767,18.22855333,203.3,0.1,511,0.0,娱乐船,,,,,,,,,,15.0,4.0
413208270,2022-06-23 13:05:00,109.4802867,18.22264333,321.8,0.0,511,0.0,娱乐船,,,,,,,,,,15.0,4.0
413212830,2022-06-23 00:47:00,109.5049417,18.231805,360.0,0.0,511,0.0,娱乐船,,,,,,,,,,19.0,4.0
413212830,2022-06-23 02:46:00,109.5049067,18.23181333,360.0,0.0,511,0.0,娱乐船,,,,,,,,,,19.0,4.0
413212830,2022-06-23 09:28:00,109.504875,18.231825,360.0,0.0,511,0.0,娱乐船,,,,,,,,,,19.0,4.0
413212830,2022-06-23 00:05:00,109.5049083,18.231805,360.0,0.0,511,0.0,娱乐船,,,,,,,,,,19.0,4.0
413212830,2022-06-23 23:51:00,109.50493,18.23178167,360.0,0.0,511,0.0,娱乐船,,,,,,,,,,19.0,4.0
413213740,2022-06-23 15:16:00,109.4965283,18.23519,282.2,6.4,511,0.0,帆船航行,,,,,,,,,,15.0,5.0
413213740,2022-06-23 11:19:00,109.4914683,18.23453333,82.0,6.3,511,0.0,帆船航行,,,,,,,,,,15.0,5.0
413213740,2022-06-23 15:20:00,109.4888883,18.23405333,252.6,6.6,511,0.0,帆船航行,,,,,,,,,,15.0,5.0
413213740,2022-06-23 10:55:00,109.4765533,18.221165,243.1,0.1,511,0.0,帆船航行,,,,,,,,,,15.0,5.0
413213740,2022-06-23 11:24:00,109.4989517,18.234405,110.2,5.0,511,0.0,帆船航行,,,,,,,,,,15.0,5.0
413216790,2022-06-23 09:36:00,109.4816933,18.22724833,357.0,0.4,511,0.0,帆船航行,,,,,,,,,,10.0,4.0
413216790,2022-06-23 11:45:00,109.5085283,18.22905,72.5,5.3,511,0.0,帆船航行,,,,,,,,,,10.0,4.0
413216790,2022-06-23 14:35:00,109.51131,18.23037,96.1,4.6,511,0.0,帆船航行,,,,,,,,,,10.0,4.0
413216790,2022-06-23 17:35:00,109.5077283,18.228915,89.8,5.4,511,0.0,帆船航行,,,,,,,,,,10.0,4.0
413216790,2022-06-23 17:23:00,109.4881883,18.23330167,56.5,7.3,511,0.0,帆船航行,,,,,,,,,,10.0,4.0
413221610,2022-06-23 10:04:00,109.48944,18.234815,249.2,6.4,248,0.0,娱乐船,,,2022/6/23 19:02,__,,25.5,YANG LIU QING 2 HAO,,0.0,20.0,5.0
413221610,2022-06-23 10:00:00,109.4961667,18.23519667,281.9,6.6,282,0.0,娱乐船,,,2022/6/23 19:02,__,,25.5,YANG LIU QING 2 HAO,,0.0,20.0,5.0
413221610,2022-06-23 10:38:00,109.4777717,18.21937333,256.2,0.5,263,0.0,娱乐船,,,2022/6/23 19:02,__,,25.5,YANG LIU QING 2 HAO,,0.0,20.0,5.0
413221610,2022-06-23 09:52:00,109.5047867,18.22921667,0.0,0.0,0,0.0,娱乐船,,,2022/6/23 15:49,__,,25.5,YANG LIU QING 2 HAO,,0.0,20.0,5.0
413221610,2022-06-23 18:38:00,109.5047733,18.22931667,100.0,0.0,135,0.0,娱乐船,,,2022/6/23 18:14,__,,25.5,YANG LIU QING 2 HAO,,0.0,20.0,5.0
413222090,2022-06-23 10:39:00,109.4999417,18.233845,110.2,5.2,511,0.0,其他,,,,,,,,,,19.0,5.0
413222090,2022-06-23 08:48:00,109.5066183,18.23356,0.0,0.3,511,0.0,其他,,,,,,,,,,19.0,5.0
413222090,2022-06-23 15:22:00,109.4813617,18.22369667,109.1,5.4,511,0.0,其他,,,,,,,,,,19.0,5.0
413222090,2022-06-23 17:30:00,109.4975517,18.23489833,108.5,7.0,511,0.0,其他,,,,,,,,,,19.0,5.0
413222090,2022-06-23 17:21:00,109.4822433,18.22746167,1.4,8.1,511,0.0,其他,,,,,,,,,,19.0,5.0
413223150,2022-06-23 12:12:00,109.5056417,18.23148333,360.0,0.1,511,0.0,帆船航行,,,,,,,,,,15.0,5.0
413223150,2022-06-23 10:01:00,109.5056217,18.23143833,360.0,0.0,511,0.0,帆船航行,,,,,,,,,,15.0,5.0
413223150,2022-06-23 15:24:00,109.505625,18.23144167,360.0,0.0,511,0.0,帆船航行,,,,,,,,,,15.0,5.0
413223150,2022-06-23 12:12:00,109.5056417,18.23148333,360.0,0.1,511,0.0,帆船航行,,,,,,,,,,15.0,5.0
413223150,2022-06-23 17:00:00,109.5056117,18.231465,360.0,0.1,511,0.0,帆船航行,,,,,,,,,,15.0,5.0
413223880,2022-06-23 18:50:00,109.4978283,18.23466,283.2,7.5,511,0.0,娱乐船,,,,,,,,,,18.0,5.0
413223880,2022-06-23 11:21:00,109.4793283,18.224105,202.7,0.4,511,0.0,娱乐船,,,,,,,,,,18.0,5.0
413223880,2022-06-23 15:37:00,109.48114,18.22465,144.8,5.3,511,0.0,娱乐船,,,,,,,,,,18.0,5.0
413223880,2022-06-23 17:43:00,109.4936117,18.2351,87.7,6.4,511,0.0,娱乐船,,,,,,,,,,18.0,5.0
413223880,2022-06-23 15:31:00,109.4850333,18.23195167,244.8,6.7,511,0.0,娱乐船,,,,,,,,,,18.0,5.0
413226610,2022-06-23 18:57:00,109.4655983,18.23380333,84.6,0.1,159,0.0,其他类型的船舶,,,2022/6/23 18:06,2022/6/17 01:00,HAINAN SANYA,4.5,TIAN YI HAI GONG,BOFA9,9880568.0,76.0,22.0
413226610,2022-06-23 17:58:00,109.4655633,18.23381833,84.6,0.0,158,0.0,其他类型的船舶,,,2022/6/23 20:30,2022/6/17 01:00,HAINAN SANYA,4.5,TIAN YI HAI GONG,BOFA9,9880568.0,76.0,22.0
413226610,2022-06-23 05:51:00,109.465995,18.23371667,175.6,0.0,183,0.0,其他类型的船舶,,,2022/6/23 23:30,2022/6/17 01:00,HAINAN SANYA,4.5,TIAN YI HAI GONG,BOFA9,9880568.0,76.0,22.0
413226610,2022-06-23 03:33:00,109.4660183,18.23369667,338.8,0.1,184,0.0,其他类型的船舶,,,2022/6/24 01:36,2022/6/17 01:00,HAINAN SANYA,4.5,TIAN YI HAI GONG,BOFA9,9880568.0,76.0,22.0
413226610,2022-06-23 16:34:00,109.465455,18.23377333,84.6,0.0,150,0.0,其他类型的船舶,,,2022/6/23 23:30,2022/6/17 01:00,HAINAN SANYA,4.5,TIAN YI HAI GONG,BOFA9,9880568.0,76.0,22.0
413229620,2022-06-23 03:53:00,109.49199,18.23331167,160.7,0.0,251,0.0,其他类型的船舶,,,2022/6/24 03:23,2022/6/6 01:00,SANYA CN,4.7,TAN SUO ER HAO,BOFJ2,9743071.0,87.0,19.0
413229620,2022-06-23 13:47:00,109.491975,18.23335667,199.0,0.0,251,0.0,其他类型的船舶,,,2022/6/23 17:47,2022/6/6 01:00,SANYA CN,4.7,TAN SUO ER HAO,BOFJ2,9743071.0,87.0,19.0
413229620,2022-06-23 17:51:00,109.48744,18.23549,109.1,0.1,205,0.0,其他类型的船舶,,,2022/6/23 19:53,2022/6/6 01:00,SANYA CN,4.7,TAN SUO ER HAO,BOFJ2,9743071.0,87.0,19.0
413229620,2022-06-23 15:08:00,109.49196,18.23332833,223.7,0.0,251,0.0,其他类型的船舶,,,2022/6/23 23:53,2022/6/6 01:00,SANYA CN,4.7,TAN SUO ER HAO,BOFJ2,9743071.0,87.0,19.0
413229620,2022-06-23 17:57:00,109.4877167,18.23561667,33.8,0.1,129,0.0,其他类型的船舶,,,2022/6/23 23:53,2022/6/6 01:00,SANYA CN,4.7,TAN SUO ER HAO,BOFJ2,9743071.0,87.0,19.0
413231310,2022-06-23 13:37:00,109.4837567,18.24628167,0.0,0.0,511,0.0,油轮,,,,,,,,,,44.0,8.0
413231310,2022-06-23 17:22:00,109.483685,18.24625667,0.0,0.1,511,0.0,油轮,,,,,,,,,,44.0,8.0
413231310,2022-06-23 13:48:00,109.4837867,18.246315,0.0,0.1,511,0.0,油轮,,,,,,,,,,44.0,8.0
413231310,2022-06-23 00:12:00,109.4838233,18.24631167,254.6,0.4,511,0.0,油轮,,,,,,,,,,44.0,8.0
413231310,2022-06-23 18:56:00,109.4837583,18.24629667,0.0,0.0,511,0.0,油轮,,,,,,,,,,44.0,8.0
413234540,2022-06-23 14:56:00,109.49516,18.23519667,280.4,8.1,511,0.0,娱乐船,,,,,,,,,,14.0,5.0
413234540,2022-06-23 12:15:00,109.4790167,18.22168333,271.0,4.1,511,0.0,娱乐船,,,,,,,,,,14.0,5.0
413234540,2022-06-23 16:09:00,109.4789167,18.22143333,265.1,4.8,511,0.0,娱乐船,,,,,,,,,,14.0,5.0
413234540,2022-06-23 10:53:00,109.4756067,18.21625167,51.3,5.6,511,0.0,娱乐船,,,,,,,,,,14.0,5.0
413234540,2022-06-23 11:24:00,109.4947467,18.23514667,87.9,8.9,511,0.0,娱乐船,,,,,,,,,,14.0,5.0
413239630,2022-06-23 11:31:00,109.5059833,18.232945,12.4,0.3,0,0.0,娱乐船,,,,,,,,,,17.0,5.0
413239630,2022-06-23 09:10:00,109.502245,18.232685,287.9,4.6,0,0.0,娱乐船,,,,,,,,,,17.0,5.0
413239630,2022-06-23 17:26:00,109.4809133,18.224515,31.9,0.0,0,0.0,娱乐船,,,,,,,,,,17.0,5.0
413239630,2022-06-23 09:02:00,109.5060083,18.23305333,240.9,0.7,0,0.0,娱乐船,,,,,,,,,,17.0,5.0
413239630,2022-06-23 09:42:00,109.4759367,18.23226333,234.6,4.5,0,0.0,娱乐船,,,,,,,,,,17.0,5.0
413240210,2022-06-23 09:45:00,109.4796717,18.21356,205.8,0.0,511,0.0,娱乐船,,,,,,,,,,13.0,3.0
413240210,2022-06-23 09:40:00,109.4796683,18.21355833,13.3,0.0,511,0.0,娱乐船,,,,,,,,,,13.0,3.0
413240210,2022-06-23 09:44:00,109.47967,18.21355833,91.2,0.0,511,0.0,娱乐船,,,,,,,,,,13.0,3.0
413240210,2022-06-23 10:16:00,109.4797033,18.21358333,132.7,0.0,511,0.0,娱乐船,,,,,,,,,,13.0,3.0
413240210,2022-06-23 09:39:00,109.4796667,18.21355833,142.9,0.0,511,0.0,娱乐船,,,,,,,,,,13.0,3.0
413255390,2022-06-23 12:05:00,109.5120267,18.23418,92.0,0.0,92,0.0,娱乐船,,,2022/6/23 16:33,__,,0.2,HU JING 3 HAO,,0.0,14.0,4.0
413255390,2022-06-23 11:29:00,109.4882133,18.23340333,66.9,6.9,67,0.0,娱乐船,,,2022/6/23 16:33,__,,0.2,HU JING 3 HAO,,0.0,14.0,4.0
413255390,2022-06-23 11:36:00,109.500205,18.23402833,106.7,5.0,110,0.0,娱乐船,,,2022/6/23 16:33,__,,0.2,HU JING 3 HAO,,0.0,14.0,4.0
413255390,2022-06-23 11:33:00,109.495875,18.23534167,99.8,4.3,97,0.0,娱乐船,,,2022/6/23 10:58,__,,0.2,HU JING 3 HAO,,0.0,14.0,4.0
413255390,2022-06-23 11:38:00,109.5018533,18.23273833,138.5,5.9,139,0.0,娱乐船,,,2022/6/23 11:35,__,,0.2,HU JING 3 HAO,,0.0,14.0,4.0
413256630,2022-06-23 08:28:00,109.51192,18.2343,0.0,0.0,0,0.0,娱乐船,,,2022/6/23 17:36,__,,0.2,HU JING 6 HAO,,0.0,14.0,4.0
413256630,2022-06-23 12:26:00,109.5082683,18.22915167,86.8,6.5,87,0.0,娱乐船,,,2022/6/23 12:36,__,,0.2,HU JING 6 HAO,,0.0,14.0,4.0
413256630,2022-06-23 17:41:00,109.5108,18.23231333,18.8,6.3,18,0.0,娱乐船,,,2022/6/23 17:30,__,,0.2,HU JING 6 HAO,,0.0,14.0,4.0
413256630,2022-06-23 17:28:00,109.4911833,18.23389833,69.6,7.0,70,0.0,娱乐船,,,2022/6/23 17:36,__,,0.2,HU JING 6 HAO,,0.0,14.0,4.0
413256630,2022-06-23 15:38:00,109.478525,18.22374167,228.6,0.3,208,0.0,娱乐船,,,2022/6/23 17:36,__,,0.2,HU JING 6 HAO,,0.0,14.0,4.0
413257340,2022-06-23 10:33:00,109.4804117,18.22284833,247.6,0.1,247,0.0,娱乐船,,,2022/6/23 16:49,__,,2.0,HU JING 10 HAO,,0.0,14.0,4.0
413257340,2022-06-23 16:43:00,109.4798267,18.22634167,264.5,0.5,255,0.0,娱乐船,,,2022/6/24 15:24,__,,2.0,HU JING 10 HAO,,0.0,14.0,4.0
413257340,2022-06-23 09:50:00,109.4803717,18.22285667,61.8,0.3,61,0.0,娱乐船,,,2022/6/23 12:37,__,,2.0,HU JING 10 HAO,,0.0,14.0,4.0
413257340,2022-06-23 09:18:00,109.49549,18.23524333,271.8,6.0,271,0.0,娱乐船,,,2022/6/23 18:19,__,,2.0,HU JING 10 HAO,,0.0,14.0,4.0
413257340,2022-06-23 12:42:00,109.5093433,18.22992,51.7,6.2,51,0.0,娱乐船,,,2022/6/24 11:20,__,,2.0,HU JING 10 HAO,,0.0,14.0,4.0
413259080,2022-06-23 16:41:00,109.4781183,18.224855,45.6,0.0,511,0.0,娱乐船,,,,,,,,,,20.0,6.0
413259080,2022-06-23 16:29:00,109.4781383,18.22487,121.7,16.9,511,0.0,娱乐船,,,,,,,,,,20.0,6.0
413259080,2022-06-23 10:38:00,109.4800333,18.226135,238.9,0.0,511,0.0,娱乐船,,,,,,,,,,20.0,6.0
413259080,2022-06-23 17:44:00,109.47814,18.22486833,76.5,1.3,511,0.0,娱乐船,,,,,,,,,,20.0,6.0
413259080,2022-06-23 16:38:00,109.47816,18.22488667,219.1,0.0,511,0.0,娱乐船,,,,,,,,,,20.0,6.0
413260810,2022-06-23 11:45:00,109.51067,18.23210167,27.2,5.3,26,0.0,娱乐船,,,2022/6/23 17:29,__,,2.0,HU JING 11 HAO,,0.0,14.0,4.0
413260810,2022-06-23 17:08:00,109.5116417,18.232845,304.0,0.2,304,0.0,娱乐船,,,2022/6/23 17:29,__,,2.0,HU JING 11 HAO,,0.0,14.0,4.0
413260810,2022-06-23 09:42:00,109.48341,18.22439167,220.1,2.6,226,0.0,娱乐船,,,2022/6/23 09:40,__,,2.0,HU JING 11 HAO,,0.0,14.0,4.0
413260810,2022-06-23 15:31:00,109.4811883,18.22991667,235.1,8.1,234,0.0,娱乐船,,,2022/6/23 15:28,__,,2.0,HU JING 11 HAO,,0.0,14.0,4.0
413260810,2022-06-23 09:22:00,109.4863083,18.23307833,253.4,8.4,248,0.0,娱乐船,,,2022/6/23 11:47,__,,2.0,HU JING 11 HAO,,0.0,14.0,4.0
413264710,2022-06-23 08:45:00,109.5116967,18.23325167,130.7,0.0,130,0.0,娱乐船,,,2022/6/23 11:38,__,,3.0,HU JING 1 HAO,,0.0,18.0,5.0
413264710,2022-06-23 11:25:00,109.4783683,18.227715,43.4,7.6,43,0.0,娱乐船,,,2022/6/23 11:38,__,,3.0,HU JING 1 HAO,,0.0,18.0,5.0
413264710,2022-06-23 09:08:00,109.49775,18.23462333,289.0,7.1,288,0.0,娱乐船,,,2022/6/23 11:38,__,,3.0,HU JING 1 HAO,,0.0,18.0,5.0
413264710,2022-06-23 09:55:00,109.4780467,18.22269333,139.2,0.1,103,0.0,娱乐船,,,2022/6/23 11:38,__,,3.0,HU JING 1 HAO,,0.0,18.0,5.0
413264710,2022-06-23 11:25:00,109.4783683,18.227715,43.4,7.6,43,0.0,娱乐船,,,2022/6/23 11:38,__,,3.0,HU JING 1 HAO,,0.0,18.0,5.0
413264880,2022-06-23 12:15:00,109.5048233,18.230055,131.2,5.7,130,0.0,娱乐船,,,2022/6/23 12:13,__,,3.0,HU JING 2 HAO,,0.0,18.0,5.0
413264880,2022-06-23 09:25:00,109.48392,18.22345,283.3,0.3,237,0.0,娱乐船,,,2022/6/23 12:13,__,,3.0,HU JING 2 HAO,,0.0,18.0,5.0
413264880,2022-06-23 10:13:00,109.48124,18.225495,119.3,0.4,194,0.0,娱乐船,,,2022/6/23 12:13,__,,3.0,HU JING 2 HAO,,0.0,18.0,5.0
413264880,2022-06-23 08:55:00,109.5118733,18.23316333,0.0,0.0,214,0.0,娱乐船,,,2022/6/23 12:13,__,,3.0,HU JING 2 HAO,,0.0,18.0,5.0
413264880,2022-06-23 08:11:00,109.5118767,18.23316,0.0,0.0,0,0.0,娱乐船,,,2022/6/23 12:13,__,,3.0,HU JING 2 HAO,,0.0,18.0,5.0
413265130,2022-06-23 12:13:00,109.4892733,18.23395333,253.3,6.6,511,0.0,娱乐船,,,,,,,,,,12.0,5.0
413265130,2022-06-23 12:28:00,109.47818,18.22023167,195.7,0.3,511,0.0,娱乐船,,,,,,,,,,12.0,5.0
413265130,2022-06-23 12:20:00,109.4793867,18.22664833,183.1,5.5,511,0.0,娱乐船,,,,,,,,,,12.0,5.0
413265130,2022-06-23 17:42:00,109.5023467,18.2325,103.4,5.0,511,0.0,娱乐船,,,,,,,,,,12.0,5.0
413265130,2022-06-23 14:17:00,109.50238,18.23254167,106.2,5.9,511,0.0,娱乐船,,,,,,,,,,12.0,5.0
413266390,2022-06-23 15:27:00,109.4785,18.22512167,243.0,0.9,511,0.0,娱乐船,,,,,,,,,,15.0,5.0
413266390,2022-06-23 13:31:00,109.47044,18.21392833,50.9,7.6,511,0.0,娱乐船,,,,,,,,,,15.0,5.0
413266390,2022-06-23 09:01:00,109.4795733,18.21351167,0.0,0.0,511,0.0,娱乐船,,,,,,,,,,15.0,5.0
413266390,2022-06-23 18:43:00,109.4784,18.21572167,260.4,6.2,511,0.0,娱乐船,,,,,,,,,,15.0,5.0
413266390,2022-06-23 09:21:00,109.4660933,18.20737667,169.5,5.2,511,0.0,娱乐船,,,,,,,,,,15.0,5.0
413268250,2022-06-23 17:11:00,109.48093,18.219855,360.0,0.0,511,0.0,娱乐船,,,,,,,,,,19.0,5.0
413268250,2022-06-23 15:06:00,109.5028567,18.23243333,270.1,4.8,511,0.0,娱乐船,,,,,,,,,,19.0,5.0
413268250,2022-06-23 17:29:00,109.4778083,18.22302667,335.7,8.3,511,0.0,娱乐船,,,,,,,,,,19.0,5.0
413268250,2022-06-23 15:07:00,109.5015833,18.23308,302.8,6.7,511,0.0,娱乐船,,,,,,,,,,19.0,5.0
413268250,2022-06-23 14:45:00,109.504675,18.23191,360.0,0.0,511,0.0,娱乐船,,,,,,,,,,19.0,5.0
413269270,2022-06-23 09:22:00,109.499235,18.234185,287.3,6.4,287,0.0,娱乐船,,,2022/6/24 08:39,__,,25.5,XING QING HAO,,0.0,18.0,5.0
413269270,2022-06-23 13:07:00,109.5119133,18.23051167,132.1,0.0,211,0.0,娱乐船,,,2022/6/23 18:09,__,,25.5,XING QING HAO,,0.0,18.0,5.0
413269270,2022-06-23 14:50:00,109.5119333,18.23054,160.0,0.0,216,0.0,娱乐船,,,2022/6/23 13:37,__,,25.5,XING QING HAO,,0.0,18.0,5.0
413269270,2022-06-23 09:22:00,109.499235,18.234185,287.3,6.4,287,0.0,娱乐船,,,2022/6/24 08:39,__,,25.5,XING QING HAO,,0.0,18.0,5.0
413269270,2022-06-23 11:57:00,109.51051,18.23026833,76.4,5.9,73,0.0,娱乐船,,,2022/6/23 12:37,__,,25.5,XING QING HAO,,0.0,18.0,5.0
413269670,2022-06-23 15:21:00,109.483245,18.22143333,212.4,0.2,212,0.0,娱乐船,,,2022/6/23 18:21,__,,0.8,HONGZHOU61,,0.0,14.0,4.0
413269670,2022-06-23 15:32:00,109.4823167,18.22659167,358.8,7.4,358,0.0,娱乐船,,,2022/6/23 15:04,__,,0.8,HONGZHOU61,,0.0,14.0,4.0
413269670,2022-06-23 15:28:00,109.4832067,18.22145833,321.2,0.8,15,0.0,娱乐船,,,2022/6/23 18:21,__,,0.8,HONGZHOU61,,0.0,14.0,4.0
413269670,2022-06-23 15:39:00,109.4916433,18.23422833,72.8,7.2,72,0.0,娱乐船,,,2022/6/23 18:21,__,,0.8,HONGZHOU61,,0.0,14.0,4.0
413269670,2022-06-23 12:49:00,109.5043483,18.233,225.4,5.3,225,0.0,娱乐船,,,2022/6/23 18:21,__,,0.8,HONGZHOU61,,0.0,14.0,4.0
413273660,2022-06-23 10:55:00,109.4725633,18.21883667,241.1,0.5,511,0.0,娱乐船,,,,,,,,,,14.0,5.0
413273660,2022-06-23 18:31:00,109.5070033,18.23432667,360.0,0.0,511,0.0,娱乐船,,,,,,,,,,14.0,5.0
413273660,2022-06-23 11:22:00,109.4749933,18.22251,44.0,7.1,511,0.0,娱乐船,,,,,,,,,,14.0,5.0
413273660,2022-06-23 12:48:00,109.4814683,18.223335,352.6,8.0,511,0.0,娱乐船,,,,,,,,,,14.0,5.0
413273660,2022-06-23 12:07:00,109.4946333,18.23515167,270.5,6.7,511,0.0,娱乐船,,,,,,,,,,14.0,5.0
413275250,2022-06-23 17:31:00,109.4770667,18.22812667,102.6,0.0,511,0.0,娱乐船,,,,,,,,,,14.0,5.0
413275250,2022-06-23 14:34:00,109.4987267,18.234405,108.0,5.1,511,0.0,娱乐船,,,,,,,,,,14.0,5.0
413275250,2022-06-23 20:10:00,109.4941133,18.23524167,90.4,4.0,511,0.0,娱乐船,,,,,,,,,,14.0,5.0
413275250,2022-06-23 14:27:00,109.488765,18.23388167,52.5,18.4,511,0.0,娱乐船,,,,,,,,,,14.0,5.0
413275250,2022-06-23 12:42:00,109.4809717,18.22481667,159.8,9.4,511,0.0,娱乐船,,,,,,,,,,14.0,5.0
413275870,2022-06-23 13:00:00,109.5116767,18.22992667,0.0,0.0,511,0.0,娱乐船,,,,,,,,,,19.0,5.0
413275870,2022-06-23 14:33:00,109.51166,18.22993333,0.0,0.0,511,0.0,娱乐船,,,,,,,,,,19.0,5.0
413275870,2022-06-23 21:13:00,109.5116583,18.22992833,0.0,0.0,511,0.0,娱乐船,,,,,,,,,,19.0,5.0
413275870,2022-06-23 16:02:00,109.4845333,18.22213667,0.0,0.1,511,0.0,娱乐船,,,,,,,,,,19.0,5.0
413275870,2022-06-23 15:39:00,109.4846017,18.222025,0.0,0.1,511,0.0,娱乐船,,,,,,,,,,19.0,5.0
413282390,2022-06-23 17:16:00,109.5008133,18.23376167,304.1,5.3,511,0.0,娱乐船,,,,,,,,,,10.0,5.0
413282390,2022-06-23 17:49:00,109.4819667,18.22492833,2.7,0.0,511,0.0,娱乐船,,,,,,,,,,10.0,5.0
413282390,2022-06-23 17:25:00,109.4849683,18.23320833,249.3,0.0,511,0.0,娱乐船,,,,,,,,,,10.0,5.0
413282390,2022-06-23 18:41:00,109.4820067,18.22499667,36.0,13.2,511,0.0,娱乐船,,,,,,,,,,10.0,5.0
413282390,2022-06-23 19:09:00,109.5030533,18.232435,101.1,5.6,511,0.0,娱乐船,,,,,,,,,,10.0,5.0
413285970,2022-06-23 16:57:00,109.4886767,18.23445,247.5,0.0,511,0.0,娱乐船,,,,,,,,,,19.0,5.0
413285970,2022-06-23 09:38:00,109.5077133,18.22903333,255.8,7.0,511,0.0,娱乐船,,,,,,,,,,19.0,5.0
413285970,2022-06-23 17:30:00,109.4779933,18.22813833,43.2,0.1,511,0.0,娱乐船,,,,,,,,,,19.0,5.0
413285970,2022-06-23 16:47:00,109.50556,18.229885,299.5,5.6,511,0.0,娱乐船,,,,,,,,,,19.0,5.0
413285970,2022-06-23 11:15:00,109.47806,18.22515,257.8,0.0,511,0.0,娱乐船,,,,,,,,,,19.0,5.0
413287810,2022-06-23 12:36:00,109.4897317,18.23964333,0.0,0.0,511,800.0,客船,,,2022/6/24 11:44,2022/6/23 20:15,SAN YA,2.5,SAN YA WAN,BORK7,0.0,54.0,10.0
413287810,2022-06-23 01:29:00,109.4897217,18.23961833,159.0,0.0,511,800.0,客船,,,2022/6/23 12:40,2022/6/22 17:15,SAN YA,2.5,SAN YA WAN,BORK7,0.0,54.0,10.0
413287810,2022-06-23 17:14:00,109.489725,18.23965,303.5,0.0,329,0.0,客船,,,2022/6/23 23:44,2022/6/23 20:15,SAN YA,2.5,SAN YA WAN,BORK7,0.0,54.0,10.0
413287810,2022-06-23 18:48:00,109.4897383,18.23966167,303.5,0.0,328,0.0,客船,,,2022/6/23 23:44,2022/6/23 20:15,SAN YA,2.5,SAN YA WAN,BORK7,0.0,54.0,10.0
413287810,2022-06-23 10:41:00,109.4897233,18.23965,0.0,0.0,511,800.0,客船,,,2022/6/23 23:44,2022/6/23 20:15,SAN YA,2.5,SAN YA WAN,BORK7,0.0,54.0,10.0
413288860,2022-06-23 12:40:00,109.4826883,18.23222667,232.9,5.5,231,0.0,娱乐船,,,2022/6/23 17:29,__,,0.1,XINGFUKANGKANG5HAO,,0.0,14.0,4.0
413288860,2022-06-23 14:46:00,109.51189,18.230815,201.9,0.8,201,0.0,娱乐船,,,2022/6/23 17:29,__,,0.1,XINGFUKANGKANG5HAO,,0.0,14.0,4.0
413288860,2022-06-23 09:51:00,109.4872433,18.23433167,255.9,6.5,255,0.0,娱乐船,,,2022/6/23 15:41,__,,0.1,XINGFUKANGKANG5HAO,,0.0,14.0,4.0
413288860,2022-06-23 15:41:00,109.4925333,18.23979833,0.0,0.1,61,0.0,娱乐船,,,2022/6/23 17:29,__,,0.1,XINGFUKANGKANG5HAO,,0.0,14.0,4.0
413288860,2022-06-23 09:23:00,109.511845,18.23064333,47.7,0.0,47,0.0,娱乐船,,,2022/6/23 12:48,__,,0.1,XINGFUKANGKANG5HAO,,0.0,14.0,4.0
413290660,2022-06-23 17:40:00,109.4988433,18.234185,108.8,4.7,511,0.0,娱乐船,,,,,,,,,,20.0,6.0
413290660,2022-06-23 09:59:00,109.4777033,18.21923667,306.0,0.3,511,0.0,娱乐船,,,,,,,,,,20.0,6.0
413290660,2022-06-23 15:44:00,109.5041133,18.23264833,270.4,4.0,511,0.0,娱乐船,,,,,,,,,,20.0,6.0
413290660,2022-06-23 09:34:00,109.4868933,18.233485,245.6,8.1,511,0.0,娱乐船,,,,,,,,,,20.0,6.0
413290660,2022-06-23 12:56:00,109.5044767,18.231965,118.8,0.0,511,0.0,娱乐船,,,,,,,,,,20.0,6.0
413293760,2022-06-23 17:34:00,109.5055667,18.23566333,360.0,0.0,511,800.0,娱乐船,,,2022/6/23 17:04,2022/5/29 09:54,SAN YA,1.2,YANG FAN QI HANG 8,,0.0,16.0,5.0
413293760,2022-06-23 17:47:00,109.5055533,18.23566167,360.0,0.3,511,800.0,娱乐船,,,2022/6/23 18:40,2022/5/29 09:54,SAN YA,1.2,YANG FAN QI HANG 8,,0.0,16.0,5.0
413293760,2022-06-23 18:40:00,109.5055667,18.235675,360.0,0.0,511,800.0,娱乐船,,,2022/6/23 18:40,2022/5/29 09:54,SAN YA,1.2,YANG FAN QI HANG 8,,0.0,16.0,5.0
413293760,2022-06-23 18:05:00,109.5056,18.23562833,360.0,0.0,511,800.0,娱乐船,,,2022/6/23 17:04,2022/5/29 09:54,SAN YA,1.2,YANG FAN QI HANG 8,,0.0,16.0,5.0
413293760,2022-06-23 18:13:00,109.5055867,18.23563833,360.0,0.0,511,800.0,娱乐船,,,2022/6/23 18:40,2022/5/29 09:54,SAN YA,1.2,YANG FAN QI HANG 8,,0.0,16.0,5.0
413296030,2022-06-23 11:33:00,109.5061867,18.23308,224.4,18.8,511,0.0,娱乐船,,,,,,,,,,20.0,5.0
413296030,2022-06-23 09:32:00,109.4756,18.22109333,234.4,1.2,511,0.0,娱乐船,,,,,,,,,,20.0,5.0
413296030,2022-06-23 09:26:00,109.480385,18.22576,206.4,0.0,511,0.0,娱乐船,,,,,,,,,,20.0,5.0
413296030,2022-06-23 17:28:00,109.4825133,18.23045333,46.5,7.8,511,0.0,娱乐船,,,,,,,,,,20.0,5.0
413296030,2022-06-23 10:34:00,109.4753983,18.22131,355.7,0.0,511,0.0,娱乐船,,,,,,,,,,20.0,5.0
413308410,2022-06-23 09:32:00,109.5055133,18.23262,294.6,0.1,511,0.0,娱乐船,,,,,,,,,,20.0,5.0
413308410,2022-06-23 11:19:00,109.5008133,18.23354167,122.0,4.7,511,0.0,娱乐船,,,,,,,,,,20.0,5.0
413308410,2022-06-23 13:36:00,109.5055267,18.23263167,290.8,0.0,511,0.0,娱乐船,,,,,,,,,,20.0,5.0
413308410,2022-06-23 09:41:00,109.5055133,18.23261833,28.9,0.0,511,0.0,娱乐船,,,,,,,,,,20.0,5.0
413308410,2022-06-23 12:26:00,109.5055133,18.23262333,235.0,9.6,511,0.0,娱乐船,,,,,,,,,,20.0,5.0
413313710,2022-06-23 15:48:00,109.4796567,18.22646333,197.1,5.8,197,0.0,娱乐船,,,2022/6/23 15:43,__,,0.1,JIANHONG1HAO,,0.0,18.0,4.0
413313710,2022-06-23 17:58:00,109.5051083,18.231955,116.4,2.9,114,0.0,娱乐船,,,2022/6/23 18:01,__,,0.1,JIANHONG1HAO,,0.0,18.0,4.0
413313710,2022-06-23 16:27:00,109.4775417,18.22307,250.8,0.1,253,0.0,娱乐船,,,2022/6/23 16:25,__,,0.1,JIANHONG1HAO,,0.0,18.0,4.0
413313710,2022-06-23 16:52:00,109.4774667,18.22301,48.0,0.6,65,0.0,娱乐船,,,2022/6/23 16:43,__,,0.1,JIANHONG1HAO,,0.0,18.0,4.0
413313710,2022-06-23 14:32:00,109.5053,18.23211833,4.6,0.0,4,0.0,娱乐船,,,2022/6/23 14:25,__,,0.1,JIANHONG1HAO,,0.0,18.0,4.0
413314050,2022-06-23 17:47:00,109.4988383,18.23423,104.9,0.0,511,0.0,娱乐船,,,,,,,,,,11.0,3.0
413314050,2022-06-23 17:02:00,109.4704067,18.20787667,179.3,2.2,511,0.0,娱乐船,,,,,,,,,,11.0,3.0
413314050,2022-06-23 17:39:00,109.4810133,18.22749833,19.5,8.2,511,0.0,娱乐船,,,,,,,,,,11.0,3.0
413314050,2022-06-23 17:16:00,109.4704667,18.20786333,351.0,2.6,511,0.0,娱乐船,,,,,,,,,,11.0,3.0
413314050,2022-06-23 16:20:00,109.4704267,18.20788333,352.2,3.8,511,0.0,娱乐船,,,,,,,,,,11.0,3.0
413314530,2022-06-23 14:43:00,109.503815,18.23375333,0.0,0.1,511,0.0,娱乐船,,,,,,,,,,19.0,5.0
413314530,2022-06-23 16:02:00,109.48346,18.22415667,0.0,0.0,511,0.0,娱乐船,,,,,,,,,,19.0,5.0
413314530,2022-06-23 15:56:00,109.4834733,18.22418667,0.0,0.1,511,0.0,娱乐船,,,,,,,,,,19.0,5.0
413314530,2022-06-23 17:07:00,109.50383,18.23371667,0.0,9.6,511,0.0,娱乐船,,,,,,,,,,19.0,5.0
413314530,2022-06-23 15:20:00,109.495165,18.235555,276.8,5.1,511,0.0,娱乐船,,,,,,,,,,19.0,5.0
413315350,2022-06-23 11:32:00,109.4815267,18.23088833,55.5,5.9,511,0.0,娱乐船,,,,,,,,,,15.0,5.0
413315350,2022-06-23 18:01:00,109.5114233,18.23077667,339.6,8.3,511,0.0,娱乐船,,,,,,,,,,15.0,5.0
413315350,2022-06-23 11:20:00,109.4798,18.22808333,192.3,0.4,511,0.0,娱乐船,,,,,,,,,,15.0,5.0
413315350,2022-06-23 20:23:00,109.4802083,18.22531833,62.7,0.0,511,0.0,娱乐船,,,,,,,,,,15.0,5.0
413315350,2022-06-23 14:13:00,109.5015133,18.232875,133.9,5.0,511,0.0,娱乐船,,,,,,,,,,15.0,5.0
413336940,2022-06-23 18:03:00,109.47842,18.22984333,60.2,5.1,59,0.0,娱乐船,,,2022/6/23 18:12,__,,2.3,YU HAN 05,,0.0,11.0,4.0
413336940,2022-06-23 17:41:00,109.4805867,18.22733833,231.7,0.4,76,0.0,娱乐船,,,2022/6/23 18:12,__,,2.3,YU HAN 05,,0.0,11.0,4.0
413336940,2022-06-23 18:14:00,109.49347,18.235035,90.5,4.8,90,0.0,娱乐船,,,2022/6/24 08:45,__,,2.3,YU HAN 05,,0.0,11.0,4.0
413336940,2022-06-23 16:20:00,109.4824133,18.22686667,328.3,0.1,328,0.0,娱乐船,,,2022/6/23 14:52,__,,2.3,YU HAN 05,,0.0,11.0,4.0
413336940,2022-06-23 18:02:00,109.4773683,18.22921833,352.3,0.5,352,0.0,娱乐船,,,2022/6/23 18:12,__,,2.3,YU HAN 05,,0.0,11.0,4.0
413337410,2022-06-23 11:34:00,109.4796233,18.22370333,245.0,0.0,511,0.0,娱乐船,,,,,,,,,,11.0,3.0
413337410,2022-06-23 09:41:00,109.5009117,18.23357333,310.1,0.0,511,0.0,娱乐船,,,,,,,,,,11.0,3.0
413337410,2022-06-23 19:51:00,109.5059067,18.23590667,12.6,0.0,511,0.0,娱乐船,,,,,,,,,,11.0,3.0
413337410,2022-06-23 17:18:00,109.4881467,18.23329833,68.7,0.0,511,0.0,娱乐船,,,,,,,,,,11.0,3.0
413337410,2022-06-23 12:04:00,109.5062767,18.23396167,59.3,8.8,511,0.0,娱乐船,,,,,,,,,,11.0,3.0
413338830,2022-06-23 17:09:00,109.4832467,18.22578833,49.6,0.2,511,0.0,娱乐船,,,,,,,,,,11.0,3.0
413338830,2022-06-23 16:46:00,109.50592,18.23470333,207.7,12.6,511,0.0,娱乐船,,,,,,,,,,11.0,3.0
413338830,2022-06-23 18:39:00,109.48728,18.23303333,65.1,6.2,511,0.0,娱乐船,,,,,,,,,,11.0,3.0
413338830,2022-06-23 18:48:00,109.5013483,18.23302,130.7,9.4,511,0.0,娱乐船,,,,,,,,,,11.0,3.0
413338830,2022-06-23 17:48:00,109.4831883,18.22573833,61.8,0.0,511,0.0,娱乐船,,,,,,,,,,11.0,3.0
413378890,2022-06-23 18:28:00,109.5101717,18.23207,265.5,0.0,511,0.0,帆船航行,,,,,,,,,,17.0,10.0
413378890,2022-06-23 12:45:00,109.4826017,18.23176667,238.3,5.0,511,0.0,帆船航行,,,,,,,,,,17.0,10.0
413378890,2022-06-23 14:28:00,109.4757067,18.219215,242.3,0.3,511,0.0,帆船航行,,,,,,,,,,17.0,10.0
413378890,2022-06-23 15:28:00,109.4674083,18.21124,340.6,1.0,511,0.0,帆船航行,,,,,,,,,,17.0,10.0
413378890,2022-06-23 13:03:00,109.4758017,18.21928167,238.1,0.2,511,0.0,帆船航行,,,,,,,,,,17.0,10.0
413438640,2022-06-23 02:01:00,109.484945,18.24821333,84.7,0.3,84,0.0,油轮,,,2022/6/23 23:47,2022/5/7 04:30,SAN YA,1.8,TIAN XING YOU 6,,0.0,53.0,10.0
413438640,2022-06-23 11:36:00,109.48356,18.24795667,150.2,0.1,328,0.0,油轮,,,2022/6/23 23:47,2022/5/7 04:30,SAN YA,1.8,TIAN XING YOU 6,,0.0,53.0,10.0
413438640,2022-06-23 11:18:00,109.4835267,18.24793,111.9,0.2,222,0.0,油轮,,,2022/6/24 05:04,2022/5/7 04:30,SAN YA,1.8,TIAN XING YOU 6,,0.0,53.0,10.0
413438640,2022-06-23 18:26:00,109.48335,18.24784667,238.9,3.4,233,0.0,油轮,,,2022/6/23 23:47,2022/5/7 04:30,SAN YA,1.8,TIAN XING YOU 6,,0.0,53.0,10.0
413438640,2022-06-23 03:28:00,109.4851033,18.24815333,297.4,0.0,297,0.0,油轮,,,2022/6/23 23:47,2022/5/7 04:30,SAN YA,1.8,TIAN XING YOU 6,,0.0,53.0,10.0
413452850,2022-06-23 01:44:00,109.4605467,18.25225,94.8,0.1,159,0.0,备用-用于当地船舶的任务分配,,,2022/6/23 11:18,2022/1/6 19:30,SAN YA,6.0,XIANG YANG HONG10,BKLS,9696199.0,93.0,17.0
413452850,2022-06-23 04:08:00,109.4607667,18.252285,190.4,0.2,192,0.0,备用-用于当地船舶的任务分配,,,2022/6/24 01:19,2022/1/6 19:30,SAN YA,6.0,XIANG YANG HONG10,BKLS,9696199.0,93.0,17.0
413452850,2022-06-23 03:54:00,109.4607033,18.25227167,187.7,0.0,187,0.0,备用-用于当地船舶的任务分配,,,2022/6/24 01:19,2022/1/6 19:30,SAN YA,6.0,XIANG YANG HONG10,BKLS,9696199.0,93.0,17.0
413452850,2022-06-23 20:18:00,109.4601733,18.252325,227.0,0.0,154,0.0,备用-用于当地船舶的任务分配,,,2022/6/23 23:48,2022/1/6 19:30,SAN YA,6.0,XIANG YANG HONG10,BKLS,9696199.0,93.0,17.0
413452850,2022-06-23 21:45:00,109.460285,18.25229167,227.0,0.0,173,0.0,备用-用于当地船舶的任务分配,,,2022/6/24 19:55,2022/1/6 19:30,SAN YA,6.0,XIANG YANG HONG10,BKLS,9696199.0,93.0,17.0
413483250,2022-06-23 15:21:00,109.49364,18.23508333,262.7,7.4,511,0.0,娱乐船,,,,,,,,,,19.0,5.0
413483250,2022-06-23 15:22:00,109.4918167,18.23470667,262.3,6.6,511,0.0,娱乐船,,,,,,,,,,19.0,5.0
413483250,2022-06-23 12:49:00,109.4787383,18.22655333,360.0,0.1,511,0.0,娱乐船,,,,,,,,,,19.0,5.0
413483250,2022-06-23 10:47:00,109.4806033,18.226955,360.0,0.3,511,0.0,娱乐船,,,,,,,,,,19.0,5.0
413483250,2022-06-23 13:22:00,109.4783067,18.22723,360.0,0.5,511,0.0,娱乐船,,,,,,,,,,19.0,5.0
413488220,2022-06-23 15:32:00,109.5005783,18.23374333,298.3,0.0,298,0.0,帆船航行,,,,,,,,,,13.0,5.0
413488220,2022-06-23 15:42:00,109.485775,18.23337333,249.7,3.7,248,0.0,帆船航行,,,,,,,,,,13.0,5.0
413488220,2022-06-23 16:09:00,109.477775,18.22859667,275.9,5.4,276,0.0,帆船航行,,,,,,,,,,13.0,5.0
413488220,2022-06-23 17:49:00,109.5050767,18.233595,58.1,3.6,58,0.0,帆船航行,,,,,,,,,,13.0,5.0
413488220,2022-06-23 17:47:00,109.5021717,18.23246333,116.1,5.5,116,0.0,帆船航行,,,,,,,,,,13.0,5.0
413492640,2022-06-23 13:29:00,109.4906783,18.23444833,69.8,6.0,71,0.0,娱乐船,,,2022/6/23 18:48,__,,0.8,JIAN LIN 9 HAO,0,0.0,17.0,5.0
413492640,2022-06-23 12:01:00,109.5064533,18.23294167,127.4,0.0,227,0.0,娱乐船,,,2022/6/23 11:26,__,,0.8,JIAN LIN 9 HAO,0,0.0,17.0,5.0
413492640,2022-06-23 18:38:00,109.4860183,18.23243667,66.3,6.8,66,0.0,娱乐船,,,2022/6/23 16:41,__,,0.8,JIAN LIN 9 HAO,0,0.0,17.0,5.0
413492640,2022-06-23 13:30:00,109.493225,18.23504833,87.8,5.8,87,0.0,娱乐船,,,2022/6/23 12:38,__,,0.8,JIAN LIN 9 HAO,0,0.0,17.0,5.0
413492640,2022-06-23 11:18:00,109.4973933,18.23485167,104.2,5.3,105,0.0,娱乐船,,,2022/6/23 12:38,__,,0.8,JIAN LIN 9 HAO,0,0.0,17.0,5.0
413492780,2022-06-23 10:38:00,109.478415,18.22068167,201.3,0.0,201,0.0,帆船航行,,,,,,,,,,14.0,4.0
413492780,2022-06-23 10:39:00,109.4785383,18.22074667,97.1,0.4,97,0.0,帆船航行,,,,,,,,,,14.0,4.0
413492780,2022-06-23 10:06:00,109.4798767,18.220485,79.0,0.2,79,0.0,帆船航行,,,,,,,,,,14.0,4.0
413492780,2022-06-23 11:00:00,109.47851,18.22072667,57.1,0.9,57,0.0,帆船航行,,,,,,,,,,14.0,4.0
413492780,2022-06-23 10:26:00,109.4784467,18.220695,220.2,0.0,220,0.0,帆船航行,,,,,,,,,,14.0,4.0
413492890,2022-06-23 17:21:00,109.484355,18.220425,268.5,0.5,511,0.0,帆船航行,,,,,,,,,,10.0,3.0
413492890,2022-06-23 16:08:00,109.4956483,18.23514,277.4,5.3,511,0.0,帆船航行,,,,,,,,,,10.0,3.0
413492890,2022-06-23 15:34:00,109.486905,18.23241667,70.0,4.2,511,0.0,帆船航行,,,,,,,,,,10.0,3.0
413492890,2022-06-23 09:29:00,109.50569,18.234755,209.9,3.9,511,0.0,帆船航行,,,,,,,,,,10.0,3.0
413492890,2022-06-23 13:32:00,109.5035417,18.23262333,244.7,0.0,511,0.0,帆船航行,,,,,,,,,,10.0,3.0
413522810,2022-06-23 09:16:00,109.4891,18.233845,245.0,6.5,511,800.0,客船,,,2022/6/12 16:24,__,H,0.2,HAI YANG YIN XIANG,TEST,0.0,17.0,6.0
413522810,2022-06-23 12:14:00,109.5000333,18.23428167,360.0,0.1,511,800.0,客船,,,2022/6/24 11:19,__,H,0.2,HAI YANG YIN XIANG,TEST,0.0,17.0,6.0
413522810,2022-06-23 09:16:00,109.4891,18.233845,245.0,6.5,511,800.0,客船,,,2022/6/12 16:24,__,H,0.2,HAI YANG YIN XIANG,TEST,0.0,17.0,6.0
413522810,2022-06-23 12:03:00,109.4953333,18.23515,93.9,7.4,511,800.0,客船,,,2022/6/23 11:38,__,H,0.2,HAI YANG YIN XIANG,TEST,0.0,17.0,6.0
413522810,2022-06-23 11:49:00,109.4808,18.22345667,329.1,0.6,511,800.0,客船,,,2022/6/23 12:02,__,H,0.2,HAI YANG YIN XIANG,TEST,0.0,17.0,6.0
413523050,2022-06-23 11:29:00,109.4789583,18.2243,36.6,7.6,511,0.0,货船,,,,,,,,,,15.0,5.0
413523050,2022-06-23 18:12:00,109.5007683,18.23350667,128.2,6.2,511,0.0,货船,,,,,,,,,,15.0,5.0
413523050,2022-06-23 15:30:00,109.479405,18.22314333,0.0,0.3,511,0.0,货船,,,,,,,,,,15.0,5.0
413523050,2022-06-23 11:34:00,109.4858367,18.23232667,61.1,7.0,511,0.0,货船,,,,,,,,,,15.0,5.0
413523050,2022-06-23 18:00:00,109.480695,18.2267,19.3,7.4,511,0.0,货船,,,,,,,,,,15.0,5.0
413523390,2022-06-23 16:33:00,109.475455,18.22740667,223.8,6.7,511,0.0,娱乐船,,,,,,,,,,13.0,3.0
413523390,2022-06-23 16:40:00,109.4746683,18.219205,112.8,6.8,511,0.0,娱乐船,,,,,,,,,,13.0,3.0
413523390,2022-06-23 11:46:00,109.49173,18.23407667,68.4,7.1,511,0.0,娱乐船,,,,,,,,,,13.0,3.0
413523390,2022-06-23 18:06:00,109.4794683,18.22298333,20.8,7.0,511,0.0,娱乐船,,,,,,,,,,13.0,3.0
413523390,2022-06-23 17:43:00,109.4778783,18.218565,0.0,0.0,511,0.0,娱乐船,,,,,,,,,,13.0,3.0
413523630,2022-06-23 16:51:00,109.485185,18.23307167,78.1,6.0,511,0.0,帆船航行,,,,,,,,,,11.0,2.0
413523630,2022-06-23 16:55:00,109.49347,18.23503333,79.2,5.7,511,0.0,帆船航行,,,,,,,,,,11.0,2.0
413523630,2022-06-23 16:29:00,109.4751617,18.22949833,217.4,2.2,511,0.0,帆船航行,,,,,,,,,,11.0,2.0
413523630,2022-06-23 16:09:00,109.5016333,18.23308167,310.5,5.3,511,0.0,帆船航行,,,,,,,,,,11.0,2.0
413523630,2022-06-23 17:00:00,109.5007933,18.23355833,125.8,4.5,511,0.0,帆船航行,,,,,,,,,,11.0,2.0
413523960,2022-06-23 09:52:00,109.50571,18.232155,0.0,0.0,511,0.0,娱乐船,,,,,,,,,,21.0,5.0
413523960,2022-06-23 10:22:00,109.505725,18.23214167,0.0,0.0,511,0.0,娱乐船,,,,,,,,,,21.0,5.0
413523960,2022-06-23 10:04:00,109.5057083,18.23213667,0.0,0.0,511,0.0,娱乐船,,,,,,,,,,21.0,5.0
413523960,2022-06-23 10:16:00,109.505695,18.23216833,0.0,0.0,511,0.0,娱乐船,,,,,,,,,,21.0,5.0
413523960,2022-06-23 10:28:00,109.5057067,18.23216,0.0,0.0,511,0.0,娱乐船,,,,,,,,,,21.0,5.0
413524020,2022-06-23 15:22:00,109.50274,18.232445,267.1,4.8,511,800.0,娱乐船,,,2022/6/23 17:29,2022/12/12 12:40,DONGDAO,1.0,CHAO SHAN ZHI XING,0,0.0,14.0,5.0
413524020,2022-06-23 14:09:00,109.50588,18.23311333,210.2,0.0,511,800.0,娱乐船,,,2022/6/23 17:29,2022/12/12 12:40,DONGDAO,1.0,CHAO SHAN ZHI XING,0,0.0,14.0,5.0
413524020,2022-06-23 14:43:00,109.50588,18.23313667,210.2,0.0,511,800.0,娱乐船,,,2022/6/23 17:29,2022/12/12 12:40,DONGDAO,1.0,CHAO SHAN ZHI XING,0,0.0,14.0,5.0
413524020,2022-06-23 17:28:00,109.5058933,18.23305167,42.0,0.0,511,800.0,娱乐船,,,2022/6/23 17:10,2022/12/12 12:40,DONGDAO,1.0,CHAO SHAN ZHI XING,0,0.0,14.0,5.0
413524020,2022-06-23 15:16:00,109.5058933,18.23314667,210.2,0.0,511,800.0,娱乐船,,,2022/6/23 15:22,2022/12/12 12:40,DONGDAO,1.0,CHAO SHAN ZHI XING,0,0.0,14.0,5.0
413524170,2022-06-23 08:07:00,109.5059133,18.23275167,360.0,0.0,511,800.0,娱乐船,,,2022/6/23 07:40,2022/5/31 10:01,SYG,1.0,HAI ZHI MENG,0,0.0,15.0,6.0
413524170,2022-06-23 14:01:00,109.5059133,18.23278667,360.0,0.0,511,800.0,娱乐船,,,2022/6/24 12:12,2022/5/31 10:01,SYG,1.0,HAI ZHI MENG,0,0.0,15.0,6.0
413524170,2022-06-23 15:50:00,109.5058933,18.23277833,360.0,0.0,511,800.0,娱乐船,,,2022/6/23 16:39,2022/5/31 10:01,SYG,1.0,HAI ZHI MENG,0,0.0,15.0,6.0
413524170,2022-06-23 12:35:00,109.5059133,18.23275,360.0,0.0,511,800.0,娱乐船,,,2022/6/23 17:03,2022/5/31 10:01,SYG,1.0,HAI ZHI MENG,0,0.0,15.0,6.0
413524170,2022-06-23 15:09:00,109.5058933,18.23277167,360.0,0.0,511,800.0,娱乐船,,,2022/6/23 17:03,2022/5/31 10:01,SYG,1.0,HAI ZHI MENG,0,0.0,15.0,6.0
413524310,2022-06-23 09:57:00,109.50394,18.23358167,360.0,0.5,511,800.0,娱乐船,,,2022/6/23 13:29,2022/2/9 10:00,RRSGDAO,1.0,LI BAI JIA,0,0.0,15.0,5.0
413524310,2022-06-23 09:19:00,109.5039267,18.233605,360.0,0.0,511,800.0,娱乐船,,,2022/6/23 13:29,2022/2/9 10:00,RRSGDAO,1.0,LI BAI JIA,0,0.0,15.0,5.0
413524310,2022-06-23 11:32:00,109.5039267,18.23365667,360.0,0.9,511,800.0,娱乐船,,,2022/6/23 13:29,2022/2/9 10:00,RRSGDAO,1.0,LI BAI JIA,0,0.0,15.0,5.0
413524310,2022-06-23 11:42:00,109.5039267,18.23365167,360.0,0.1,511,800.0,娱乐船,,,2022/6/23 13:29,2022/2/9 10:00,RRSGDAO,1.0,LI BAI JIA,0,0.0,15.0,5.0
413524310,2022-06-23 10:23:00,109.50332,18.23378,360.0,1.6,511,800.0,娱乐船,,,2022/6/23 10:29,2022/2/9 10:00,RRSGDAO,1.0,LI BAI JIA,0,0.0,15.0,5.0
413524430,2022-06-23 16:08:00,109.4982133,18.23487167,281.3,6.7,511,0.0,娱乐船,,,,,,,,,,11.0,4.0
413524430,2022-06-23 08:49:00,109.5060467,18.23362167,0.0,0.0,511,0.0,娱乐船,,,,,,,,,,11.0,4.0
413524430,2022-06-23 09:15:00,109.4984133,18.23480333,292.6,6.6,511,0.0,娱乐船,,,,,,,,,,11.0,4.0
413524430,2022-06-23 10:11:00,109.47614,18.22458667,0.0,0.1,511,0.0,娱乐船,,,,,,,,,,11.0,4.0
413524430,2022-06-23 18:27:00,109.4927933,18.23541833,78.6,6.2,511,0.0,娱乐船,,,,,,,,,,11.0,4.0
413524530,2022-06-23 12:32:00,109.4958033,18.235755,297.8,4.8,511,0.0,帆船航行,,,,,,,,,,14.0,8.0
413524530,2022-06-23 12:30:00,109.4990433,18.2345,297.4,4.5,511,0.0,帆船航行,,,,,,,,,,14.0,8.0
413524530,2022-06-23 15:12:00,109.5045217,18.23287,44.3,3.8,511,0.0,帆船航行,,,,,,,,,,14.0,8.0
413524530,2022-06-23 15:04:00,109.4955883,18.23493833,99.2,4.6,511,0.0,帆船航行,,,,,,,,,,14.0,8.0
413524530,2022-06-23 14:49:00,109.4792817,18.22545167,29.9,5.7,511,0.0,帆船航行,,,,,,,,,,14.0,8.0
413524590,2022-06-23 15:16:00,109.4850633,18.23311833,247.2,5.5,511,0.0,娱乐船,,,,,,,,,,13.0,4.0
413524590,2022-06-23 14:01:00,109.4780817,18.22096667,40.3,3.3,511,0.0,娱乐船,,,,,,,,,,13.0,4.0
413524590,2022-06-23 14:28:00,109.5061133,18.23248333,36.5,0.0,511,0.0,娱乐船,,,,,,,,,,13.0,4.0
413524590,2022-06-23 10:20:00,109.4781033,18.22144667,213.2,3.9,511,0.0,娱乐船,,,,,,,,,,13.0,4.0
413524590,2022-06-23 08:28:00,109.506115,18.232325,220.3,0.1,511,0.0,娱乐船,,,,,,,,,,13.0,4.0
413524810,2022-06-23 09:57:00,109.4791933,18.21436333,0.0,1.3,511,0.0,帆船航行,,,,,,,,,,20.0,11.0
413524810,2022-06-23 15:00:00,109.47922,18.21436833,0.0,0.1,511,0.0,帆船航行,,,,,,,,,,20.0,11.0
413524810,2022-06-23 15:00:00,109.47922,18.21436833,0.0,0.1,511,0.0,帆船航行,,,,,,,,,,20.0,11.0
413524810,2022-06-23 09:57:00,109.4791933,18.21436333,0.0,1.3,511,0.0,帆船航行,,,,,,,,,,20.0,11.0
413524810,2022-06-23 08:22:00,109.479095,18.214375,360.0,0.0,511,0.0,帆船航行,,,,,,,,,,20.0,11.0
413525110,2022-06-23 16:47:00,109.4741333,18.220915,60.7,11.3,511,0.0,娱乐船,,,2022/6/23 17:33,2022/1/1 00:00,SAN YA,0.8,LAN JING 8 HAO,,0.0,13.0,4.0
413525110,2022-06-23 17:09:00,109.4741,18.22086667,56.7,10.0,511,0.0,娱乐船,,,2022/6/24 16:05,2022/1/1 00:00,SAN YA,0.8,LAN JING 8 HAO,,0.0,13.0,4.0
413525110,2022-06-23 16:57:00,109.4741167,18.22089833,135.9,0.1,511,0.0,娱乐船,,,2022/6/24 15:39,2022/1/1 00:00,SAN YA,0.8,LAN JING 8 HAO,,0.0,13.0,4.0
413525110,2022-06-23 17:33:00,109.4743167,18.220815,68.3,13.0,511,0.0,娱乐船,,,2022/6/24 16:20,2022/1/1 00:00,SAN YA,0.8,LAN JING 8 HAO,,0.0,13.0,4.0
413525110,2022-06-23 13:08:00,109.4776167,18.221965,100.9,0.0,511,0.0,娱乐船,,,2022/6/23 17:33,2022/1/1 00:00,SAN YA,0.8,LAN JING 8 HAO,,0.0,13.0,4.0
413525460,2022-06-23 10:34:00,109.5054133,18.23580167,341.4,1.4,511,0.0,帆船航行,,,,,,,,,,15.0,5.0
413525460,2022-06-23 09:44:00,109.5054467,18.2358,147.8,0.1,511,0.0,帆船航行,,,,,,,,,,15.0,5.0
413525460,2022-06-23 15:24:00,109.5053333,18.23583,318.2,0.1,511,0.0,帆船航行,,,,,,,,,,15.0,5.0
413525460,2022-06-23 09:38:00,109.5053933,18.23578167,151.8,0.3,511,0.0,帆船航行,,,,,,,,,,15.0,5.0
413525460,2022-06-23 08:39:00,109.5054467,18.23569833,295.9,0.0,511,0.0,帆船航行,,,,,,,,,,15.0,5.0
413525660,2022-06-23 15:55:00,109.478075,18.21959167,360.0,0.1,511,800.0,其他,,,2022/6/23 15:49,__,,0.8,KANG DA 7 HAO,,0.0,27.0,6.0
413525660,2022-06-23 17:47:00,109.49608,18.23532333,101.5,6.1,511,800.0,其他,,,2022/6/23 17:37,__,,0.8,KANG DA 7 HAO,,0.0,27.0,6.0
413525660,2022-06-23 17:34:00,109.4768817,18.22268833,355.4,7.3,511,800.0,其他,,,2022/6/23 18:02,__,,0.8,KANG DA 7 HAO,,0.0,27.0,6.0
413525660,2022-06-23 17:55:00,109.507365,18.22917333,97.3,4.8,511,800.0,其他,,,2022/6/23 17:37,__,,0.8,KANG DA 7 HAO,,0.0,27.0,6.0
413525660,2022-06-23 16:24:00,109.4780667,18.219605,360.0,0.4,511,800.0,其他,,,2022/6/23 18:02,__,,0.8,KANG DA 7 HAO,,0.0,27.0,6.0
413526110,2022-06-23 15:02:00,109.5012683,18.23330833,306.7,5.1,511,0.0,娱乐船,,,,,,,,,,18.0,5.0
413526110,2022-06-23 11:22:00,109.491045,18.23493667,76.1,7.5,511,0.0,娱乐船,,,,,,,,,,18.0,5.0
413526110,2022-06-23 15:51:00,109.4753517,18.22017333,56.0,0.1,511,0.0,娱乐船,,,,,,,,,,18.0,5.0
413526110,2022-06-23 17:36:00,109.478055,18.225385,34.1,7.9,511,0.0,娱乐船,,,,,,,,,,18.0,5.0
413526110,2022-06-23 09:55:00,109.4724733,18.22213667,162.9,4.3,511,0.0,娱乐船,,,,,,,,,,18.0,5.0
413526830,2022-06-23 17:37:00,109.5055167,18.235725,300.3,0.0,511,0.0,娱乐船,,,,,,,,,,11.0,4.0
413526830,2022-06-23 17:22:00,109.5054633,18.23571333,300.3,0.1,511,0.0,娱乐船,,,,,,,,,,11.0,4.0
413526830,2022-06-23 17:58:00,109.5055833,18.23575333,300.3,0.0,511,0.0,娱乐船,,,,,,,,,,11.0,4.0
413526830,2022-06-23 18:25:00,109.5055617,18.23570167,229.0,0.0,511,0.0,娱乐船,,,,,,,,,,11.0,4.0
413526830,2022-06-23 18:21:00,109.505535,18.23570667,229.0,0.0,511,0.0,娱乐船,,,,,,,,,,11.0,4.0
413526950,2022-06-23 19:01:00,109.4965983,18.23494,99.8,6.8,511,0.0,娱乐船,,,,,,,,,,15.0,4.0
413526950,2022-06-23 09:25:00,109.4834167,18.23446167,288.5,0.8,511,0.0,娱乐船,,,,,,,,,,15.0,4.0
413526950,2022-06-23 19:01:00,109.4965983,18.23494,99.8,6.8,511,0.0,娱乐船,,,,,,,,,,15.0,4.0
413526950,2022-06-23 08:31:00,109.506055,18.23323833,0.0,0.0,511,0.0,娱乐船,,,,,,,,,,15.0,4.0
413526950,2022-06-23 19:05:00,109.504015,18.232825,57.0,0.0,511,0.0,娱乐船,,,,,,,,,,15.0,4.0
413527410,2022-06-23 08:11:00,109.50575,18.233175,0.0,0.0,511,0.0,娱乐船,,,,,,,,,,13.0,5.0
413527410,2022-06-23 14:43:00,109.5065867,18.23245833,327.3,0.0,511,0.0,娱乐船,,,,,,,,,,13.0,5.0
413527410,2022-06-23 11:49:00,109.5058333,18.23313333,327.3,0.0,511,0.0,娱乐船,,,,,,,,,,13.0,5.0
413527410,2022-06-23 16:15:00,109.4793883,18.21875667,62.8,0.6,511,0.0,娱乐船,,,,,,,,,,13.0,5.0
413527410,2022-06-23 14:13:00,109.5062,18.23237,327.3,0.0,511,0.0,娱乐船,,,,,,,,,,13.0,5.0
413527570,2022-06-23 14:59:00,109.4963283,18.23471167,284.0,6.5,511,0.0,娱乐船,,,,,,,,,,12.0,4.0
413527570,2022-06-23 16:44:00,109.5035833,18.23261667,58.7,6.0,511,0.0,娱乐船,,,,,,,,,,12.0,4.0
413527570,2022-06-23 14:12:00,109.5067767,18.23442,0.0,0.0,511,0.0,娱乐船,,,,,,,,,,12.0,4.0
413527570,2022-06-23 17:07:00,109.5067667,18.23440833,0.0,0.0,511,0.0,娱乐船,,,,,,,,,,12.0,4.0
413527570,2022-06-23 15:08:00,109.481145,18.22937,234.5,0.0,511,0.0,娱乐船,,,,,,,,,,12.0,4.0
413528570,2022-06-23 23:17:00,109.4777233,18.21355,0.0,0.0,511,0.0,娱乐船,,,,,,,,,,24.0,7.0
413528570,2022-06-23 05:46:00,109.4777083,18.213595,0.0,0.0,511,0.0,娱乐船,,,,,,,,,,24.0,7.0
413528570,2022-06-23 08:54:00,109.4777217,18.21361333,0.0,0.0,511,0.0,娱乐船,,,,,,,,,,24.0,7.0
413528570,2022-06-23 01:24:00,109.4777317,18.21355,0.0,0.0,511,0.0,娱乐船,,,,,,,,,,24.0,7.0
413528570,2022-06-23 01:11:00,109.47777,18.21352333,0.0,0.0,511,0.0,娱乐船,,,,,,,,,,24.0,7.0
413699820,2022-06-23 18:05:00,109.5052133,18.23167167,265.0,0.2,511,0.0,娱乐船,,,,,,,,,,19.0,5.0
413699820,2022-06-23 15:07:00,109.49826,18.23460333,284.0,6.8,511,0.0,娱乐船,,,,,,,,,,19.0,5.0
413699820,2022-06-23 16:10:00,109.4811733,18.21975,180.9,0.3,511,0.0,娱乐船,,,,,,,,,,19.0,5.0
413699820,2022-06-23 18:34:00,109.5052,18.231655,289.3,0.1,511,0.0,娱乐船,,,,,,,,,,19.0,5.0
413699820,2022-06-23 15:10:00,109.4922467,18.23514667,253.5,6.9,511,0.0,娱乐船,,,,,,,,,,19.0,5.0
413702590,2022-06-23 09:54:00,109.5119567,18.23070667,360.0,0.0,511,0.0,娱乐船,,,,,,,,,,16.0,4.0
413702590,2022-06-23 13:30:00,109.5119533,18.23067167,360.0,0.0,511,0.0,娱乐船,,,,,,,,,,16.0,4.0
413702590,2022-06-23 18:51:00,109.49785,18.2346,97.5,5.1,511,0.0,娱乐船,,,,,,,,,,16.0,4.0
413702590,2022-06-23 10:32:00,109.504075,18.23085167,301.0,0.0,511,0.0,娱乐船,,,,,,,,,,16.0,4.0
413702590,2022-06-23 16:35:00,109.48303,18.22497667,360.0,3.8,511,0.0,娱乐船,,,,,,,,,,16.0,4.0
413705830,2022-06-23 17:34:00,109.505095,18.232555,106.3,11.5,105,0.0,娱乐船,,,,,,,,,,20.0,5.0
413705830,2022-06-23 16:41:00,109.4802567,18.21908167,203.7,0.2,203,0.0,娱乐船,,,,,,,,,,20.0,5.0
413705830,2022-06-23 14:50:00,109.5055933,18.2326,288.6,0.0,288,0.0,娱乐船,,,,,,,,,,20.0,5.0
413705830,2022-06-23 15:28:00,109.4805717,18.21897333,341.8,8.0,341,0.0,娱乐船,,,,,,,,,,20.0,5.0
413705830,2022-06-23 16:01:00,109.4802883,18.21896,203.0,0.3,203,0.0,娱乐船,,,,,,,,,,20.0,5.0
413788313,2022-06-23 10:40:00,109.5084867,18.23048,0.0,0.0,511,0.0,娱乐船,,,,,,,,,,18.0,5.0
413788313,2022-06-23 10:10:00,109.5084867,18.230455,158.4,0.2,511,0.0,娱乐船,,,,,,,,,,18.0,5.0
413788313,2022-06-23 10:13:00,109.5085,18.23044833,0.0,0.1,511,0.0,娱乐船,,,,,,,,,,18.0,5.0
413788313,2022-06-23 09:43:00,109.50854,18.23045167,115.9,0.3,511,0.0,娱乐船,,,,,,,,,,18.0,5.0
413788313,2022-06-23 10:07:00,109.5085,18.23044333,130.9,0.3,511,0.0,娱乐船,,,,,,,,,,18.0,5.0
413788315,2022-06-23 11:38:00,109.4888383,18.23392833,68.4,5.1,511,0.0,娱乐船,,,,,,,,,,15.0,5.0
413788315,2022-06-23 17:12:00,109.49906,18.234195,103.3,4.9,511,0.0,娱乐船,,,,,,,,,,15.0,5.0
413788315,2022-06-23 09:22:00,109.491495,18.23535,251.6,5.2,511,0.0,娱乐船,,,,,,,,,,15.0,5.0
413788315,2022-06-23 09:59:00,109.4722217,18.21984167,189.4,0.5,511,0.0,娱乐船,,,,,,,,,,15.0,5.0
413788315,2022-06-23 11:56:00,109.50526,18.23234833,0.0,0.0,511,0.0,娱乐船,,,,,,,,,,15.0,5.0
413788332,2022-06-23 16:56:00,109.5032783,18.23151333,130.7,6.1,511,0.0,娱乐船,,,,,,,,,,17.0,5.0
413788332,2022-06-23 15:02:00,109.5005183,18.23383333,296.3,6.3,511,0.0,娱乐船,,,,,,,,,,17.0,5.0
413788332,2022-06-23 11:10:00,109.505965,18.230105,0.0,0.0,511,0.0,娱乐船,,,,,,,,,,17.0,5.0
413788332,2022-06-23 10:28:00,109.5059467,18.2301,0.0,0.0,511,0.0,娱乐船,,,,,,,,,,17.0,5.0
413788332,2022-06-23 16:54:00,109.500505,18.233665,115.7,5.9,511,0.0,娱乐船,,,,,,,,,,17.0,5.0
413788454,2022-06-23 10:20:00,109.504895,18.23171167,101.1,0.1,511,0.0,帆船航行,,,,,,,,,,18.0,5.0
413788454,2022-06-23 10:44:00,109.5048667,18.23169667,50.2,0.0,511,0.0,帆船航行,,,,,,,,,,18.0,5.0
413788454,2022-06-23 10:03:00,109.5049017,18.23167667,360.0,0.0,511,0.0,帆船航行,,,,,,,,,,18.0,5.0
413788454,2022-06-23 10:41:00,109.5048967,18.231675,50.2,0.0,511,0.0,帆船航行,,,,,,,,,,18.0,5.0
413788454,2022-06-23 10:59:00,109.5048783,18.23169333,50.2,0.0,511,0.0,帆船航行,,,,,,,,,,18.0,5.0
477991638,2022-06-23 17:59:00,109.4784233,18.21315167,360.0,0.0,511,0.0,娱乐船,,,,,,,,,,23.0,11.0
477991638,2022-06-23 08:20:00,109.4783867,18.21316667,360.0,0.0,511,0.0,娱乐船,,,,,,,,,,23.0,11.0
477991638,2022-06-23 10:53:00,109.4784117,18.21319833,360.0,0.0,511,0.0,娱乐船,,,,,,,,,,23.0,11.0
477991638,2022-06-23 08:44:00,109.4783967,18.21317833,360.0,0.0,511,0.0,娱乐船,,,,,,,,,,23.0,11.0
477991638,2022-06-23 19:35:00,109.4784417,18.21318667,360.0,0.0,511,0.0,娱乐船,,,,,,,,,,23.0,11.0
533002110,2022-06-23 14:05:00,109.477785,18.21312,9.5,0.0,511,0.0,娱乐船,,,,,,,,,,35.0,10.0
533002110,2022-06-23 20:41:00,109.4778033,18.21310333,290.3,0.0,511,0.0,娱乐船,,,,,,,,,,35.0,10.0
533002110,2022-06-23 19:21:00,109.4793133,18.22075167,357.5,0.6,511,0.0,娱乐船,,,,,,,,,,35.0,10.0
533002110,2022-06-23 22:37:00,109.4777933,18.21307,0.0,0.0,511,0.0,娱乐船,,,,,,,,,,35.0,10.0
533002110,2022-06-23 17:11:00,109.4598967,18.220935,146.3,0.3,511,0.0,娱乐船,,,,,,,,,,35.0,10.0







